username,user id,access hash,name,group,group id
Crypto_Never_Sleepz,1550427140,9080265779655512170,Zac Smith,bEarn Finance,1473555023
EvangelionCeroCero,1197149510,-4974861987099804408,Evangelion Zerog≈çki,bEarn Finance,1473555023
NowhereMan23,1563241562,-64285944147043181,Z.Z.,bEarn Finance,1473555023
Zee_Toh,1548679398,3569942157155737275,Zee Toh,bEarn Finance,1473555023
heiZeus,873201689,-7221924127271923087,Zeus,bEarn Finance,1473555023
PutriZeZen,1075912323,691107280091670855,Putri Zenisa,bEarn Finance,1473555023
zavaswp,901353493,-2056790464820275384,zavaswp,bEarn Finance,1473555023
haozixhc,832934997,-6436996496586459209,zhang jie,bEarn Finance,1473555023
Zainularif7,1020656931,702377900727425281,zainul Arif,bEarn Finance,1473555023
ziluoti,1211124070,3265916018450932582,Ê≥¢ ÂÖπÁΩóÊèê,bEarn Finance,1473555023
thaibin11,1225348482,-5757722697339114334,Cz zuncu,bEarn Finance,1473555023
peizhi2,1349032184,9134553887123411501,Zhang Peizhi,bEarn Finance,1473555023
zahoorzahoor1,1220803127,-7539497099061404222,Zahoor Zahoor,bEarn Finance,1473555023
Jagaban44,973511101,5718685874258602048,H_Z,bEarn Finance,1473555023
Bo1Bitforex,1801343529,-6206374592239865087,Bo-Yun,bEarn Finance,1473555023
j_o_r_d_y,344473377,2580686404424142461,Jordy,bEarn Finance,1473555023
yaspii,1730656897,2313871832516157498,Jas P,bEarn Finance,1473555023
bnkr9,1718898557,8033360445045768000,yosi sato,bEarn Finance,1473555023
tangshiyuan,342556782,6587803767260298792,Shi Yuan,bEarn Finance,1473555023
drdavidnguyen,491275728,-829861598839820824,Dr David Nguyen - Never dm you -,bEarn Finance,1473555023
lanceliao0620,1671822927,-5069668934182708685,Lannister Never DM you first ~ Jamie,bEarn Finance,1473555023
acmaya,1693762102,43153292274032838,m y,bEarn Finance,1473555023
moonmeni,1318145674,-1269285658690183424,YotiYori,bEarn Finance,1473555023
XaQIrNgbzX53830,1680921376,4579814787502968006,winfred PARISI,bEarn Finance,1473555023
MeVionix,1869896799,8077773353282831915,V i o n i x,bEarn Finance,1473555023
xdena7,881177806,3207628555854753406,Marcin Janusz,bEarn Finance,1473555023
xXMachinaXx,1673694922,818010197493519974,John Lee,bEarn Finance,1473555023
Darkmodern,1658443419,2701238416481938368,Whung xiang Jon,bEarn Finance,1473555023
rissacrypto1,1602399244,-7497310771923091969,CRYPTO XTIAN,bEarn Finance,1473555023
lianggeren,420594495,4270493740674349011,Xiaobin Ding,bEarn Finance,1473555023
moises_valentin,1537089675,-4790118291922754400,Xu√¢n Th·ª©,bEarn Finance,1473555023
Spacewalker_venus,1311057039,5799608065773041633,Xpace Walker,bEarn Finance,1473555023
Wavyis,1344766071,-4456066749485357088,cryptotweets,bEarn Finance,1473555023
William200778,1911923988,-6497589301877169017,William,bEarn Finance,1473555023
Cryptowolfwoo,1602132427,-3633489218968157948,Baby Wolf,bEarn Finance,1473555023
TheCourtFool,1213275477,8275698572918108414,Wicked Jester,bEarn Finance,1473555023
Am_A_Philosopher,1323347217,5031862550671276875,Am a Philosopher ‚õ©Ô∏è Will Never PM First for Funds,bEarn Finance,1473555023
online909999,338769286,6077266500651454190,wu,bEarn Finance,1473555023
Wensailman,1369150085,-68879604674642000,Wen,bEarn Finance,1473555023
jamalwachira,1729891001,-4988042370084731588,Jamal Wachira,bEarn Finance,1473555023
WendySnow,1737826364,9197212023919202762,Snow White,bEarn Finance,1473555023
stayawok,981792965,-4969636081381524580,jeho | www.newinu.org,bEarn Finance,1473555023
oldlgrow,1348204945,7587481725977498928,oldgrowing | www.newinu.org,bEarn Finance,1473555023
baerteddy,1396781431,-2809860690708845988,BEARTEDDY | www.newinu.org,bEarn Finance,1473555023
asteeiaya,1155909946,-7760958734402539775,Esteriaya | www.newinu.org,bEarn Finance,1473555023
dnlab,921589211,1446391008256752255,Lamb | www.newinu.org,bEarn Finance,1473555023
bespoketey,1382257276,-3291884211459072743,bespoke | www.newinu.org,bEarn Finance,1473555023
leftinish,1276001285,1658250565156817017,Letsfinish | www.newinu.org,bEarn Finance,1473555023
vincejc87,1407762246,-2812076098771153428,Vincent Q.,bEarn Finance,1473555023
cricienciasisV,1448483123,-4726296212312883125,victor,bEarn Finance,1473555023
cryptomoonup,853520969,-2941210327648894802,Vincent Lim,bEarn Finance,1473555023
shadyvalencia,1677532775,426542861654339295,Shady Valencia,bEarn Finance,1473555023
BraindeadGer,813383132,-8203370290498613746,Lord V.,bEarn Finance,1473555023
KonoMivu,835932948,-1818296050382157488,Mi V,bEarn Finance,1473555023
veroocta,1612394806,-6733214131658025314,Veronica Octavia,bEarn Finance,1473555023
Kingve,342060009,-4733132698379465640,vic,bEarn Finance,1473555023
DefiVic,1057296448,-1679847007184160260,Victoria DeFi,bEarn Finance,1473555023
Uru220,1647259008,7910361966903190549,"(Protocolo Sigma, Futuro en proceso @sigma_protocol)",bEarn Finance,1473555023
upt89p,1518721958,-1385068980088702529,Ëãπ Êûú,bEarn Finance,1473555023
Urataret,1108321956,7736161915103159726,Ore Moon,bEarn Finance,1473555023
p_unky,1138742661,7125020324794840521,phunky,bEarn Finance,1473555023
MadTitan66,1358808793,5995267821659713238,Thanos | Mad Titan ( Uranium.Finance Guardian ),bEarn Finance,1473555023
SATU2014,1481090428,-747757258175752558,S A T U 2014 üéØ,bEarn Finance,1473555023
Updarte,1670378447,7793087207234518494,Titanium Crypto #Airdrop #Giveaway üåüüåü,bEarn Finance,1473555023
Lighteternal,1490764064,-1872104159138017539,Ugbaifo Godwin,bEarn Finance,1473555023
ilovedrugss,1885680710,111167333624881664,evan telo,bEarn Finance,1473555023
Crypto_MNGT,1936147772,-1159145721499208809,Benüë®üèº‚Äçüíª Thomas,bEarn Finance,1473555023
Tiger477974,1928680597,5370442411759995439,sala,bEarn Finance,1473555023
MasTOMIRefleksi,1897622194,4938249009831860488,Mas TOMI,bEarn Finance,1473555023
tokenptomot,1872013761,3302748549261754062,.,bEarn Finance,1473555023
blakescott11,1942093118,7066570217208375176,Blake | PumaBoost.Com Fair Launch in today,bEarn Finance,1473555023
Crypt0ITZC,1707544556,4513780590808174371,Raga Tech,bEarn Finance,1473555023
jumpbsc,1858427617,-6264934674106911684,Jump | The leading BSC influencer marketing platform,bEarn Finance,1473555023
octinoconeto,747209690,-1373306091956676267,Octavio Tinoco Soares Neto,bEarn Finance,1473555023
Taslimaakter1,1213391473,-2964852948359942218,Taslima akter,bEarn Finance,1473555023
bseom,1993573761,6116705509768795986,Seok Beom,bEarn Finance,1473555023
aabbaaccabc,1846227976,3845911315907485997,smile,bEarn Finance,1473555023
Naturopathybride,1940782090,9065183972128273616,Sana Noel,bEarn Finance,1473555023
dibsol1,1842173428,-6136007761790670415,Sam Alicia,bEarn Finance,1473555023
steven_hhs,1831093909,-3759036295755972715,Lee,bEarn Finance,1473555023
rrrrrrrnno,1991315311,3562297795140042186,R o,bEarn Finance,1473555023
chri23797,1792278851,9125723123549768856,Rueodn,bEarn Finance,1473555023
randywy,217206353,-6259123437145875291,Noel,bEarn Finance,1473555023
richeos_23,1263651176,-2655478087158392512,Richoes,bEarn Finance,1473555023
ALAN_RDZ,535808449,-7740026421963639750,ùî∏ùïÉùî∏‚Ñï,bEarn Finance,1473555023
Renovaxr,1876185114,-1361981037436222142,RenovaXR,bEarn Finance,1473555023
Notrias24,1686893513,-3286924549873121369,Not Rias,bEarn Finance,1473555023
qepa999,1882069446,7489630687552858118,Qe Pa,bEarn Finance,1473555023
fbads_store,690618590,3738380042480154331,Tran Quy,bEarn Finance,1473555023
Iqcoin8,1384058607,-1085223787202104899,Timur Q,bEarn Finance,1473555023
khalendar07,1385089723,-4764947868404861562,Ironside 17(Never PM First),bEarn Finance,1473555023
kickboxing_pt,1638224298,4005126265007743934,Barbaros,bEarn Finance,1473555023
Patricia_johnso,1875923819,7727529332737529537,Patricia Johnson,bEarn Finance,1473555023
harleyquin11,1939199148,2639887760988229211,Harley | Moonconnect.Net | Presale ends in 1 day!,bEarn Finance,1473555023
Papamudaa24,1687245716,2875713218638928793,Papa Muda,bEarn Finance,1473555023
parth48,513979695,2431726793088132187,Parth,bEarn Finance,1473555023
Putukriscahyana,1595857099,3775095656331395105,Kris Cahyana,bEarn Finance,1473555023
p34r0,1714877566,-7824643256315024495,Pedro,bEarn Finance,1473555023
pizzabay,391001510,7701943296211265333,Km,bEarn Finance,1473555023
Pillzzzzz,1329009464,3671162225814163368,Pillz Cozby,bEarn Finance,1473555023
Rakuflut,478316573,2187282328273421703,Ra√∫l De Paoli,bEarn Finance,1473555023
PetaOuchnok,1710105396,-7287765147828927425,Peta Ouchnok,bEarn Finance,1473555023
Pyvagiuks,1736789830,-6887523314207299072,Pyvagiuks,bEarn Finance,1473555023
OldCryptoNigel,1600003562,8580539387148309563,Nigel Baker,bEarn Finance,1473555023
only_juan_kenobi,907505263,-148252289302808975,Juan Torres,bEarn Finance,1473555023
ishow2020,1286191438,-4996366663148918960,Ope Ishow,bEarn Finance,1473555023
OktavianaOlin,1725463372,-794823487460212198,Oktaviana Olin ü¶ã,bEarn Finance,1473555023
holyroly,1403388554,-3144764461326425399,Ademosu Ore,bEarn Finance,1473555023
samimasif1,1661412763,-4904710102096310304,"Samim Hossain "" otcspace.io """,bEarn Finance,1473555023
oppaseq,1458471504,3716725400658964220,Trein Kultragnow,bEarn Finance,1473555023
konmplxty,1159869890,3053494210168629625,Komple | www.newinu.org,bEarn Finance,1473555023
powderse,1345577309,-4297608016158476016,powdy | www.newinu.org,bEarn Finance,1473555023
lonyachi,1358314456,-5985715267619283344,Lanyach | www.newinu.org,bEarn Finance,1473555023
kobikosa,1337448047,8324386825841998401,Kikeng | www.newinu.org,bEarn Finance,1473555023
lagythaa,1325330844,-8541654309515341983,agat | www.newinu.org,bEarn Finance,1473555023
biakirabe,1031394448,3929471739498094303,biakiribe | www.newinu.org,bEarn Finance,1473555023
baoreta,1324296204,7073347374084120627,Booreta | www.newinu.org,bEarn Finance,1473555023
donim8,1357039810,-6632020370826691310,Donkm | www.newinu.org,bEarn Finance,1473555023
mealtof,1123303870,-1260646789369013475,Alertfall | www.newinu.org,bEarn Finance,1473555023
fataraboi,1294685749,9013241948452081734,gatty | www.newinu.org,bEarn Finance,1473555023
inwedo,1357625847,-2431336740168519937,inwego | www.newinu.org,bEarn Finance,1473555023
winowsd,1373482611,-4499998388633319336,wndows | www.newinu.org,bEarn Finance,1473555023
wildlimg,1042147976,-3695849481626499565,ABCD | www.newinu.org,bEarn Finance,1473555023
hardfark,1393150214,-6669417848826580705,Elcuerpo | www.newinu.org,bEarn Finance,1473555023
blteth,1027143375,9070634952323639951,obinaskm | | www.newinu.org,bEarn Finance,1473555023
dnsbakire,1100086092,8340080048099954711,Dansaki | www.newinu.org,bEarn Finance,1473555023
naranao,790084840,1961015107579771123,Avegat | www.newinu.org,bEarn Finance,1473555023
oscargoodkitty93,1640843985,-7135761846328810136,Oscar The Good Kitty,bEarn Finance,1473555023
Niwaspin1,1866570249,-3723631721244287729,Niwa Spin,bEarn Finance,1473555023
andre_natoshi,1242215458,-2156945300384084386,Andre Natoshi,bEarn Finance,1473555023
macbaren42,774456927,-439076512110981131,Jake Hansen,bEarn Finance,1473555023
Michael157495,1882269167,-2862984584965049486,Michael,bEarn Finance,1473555023
Maria772671,1783748587,-1788082639617417441,Maria,bEarn Finance,1473555023
guozhi_liu,1987228837,6229105313626004523,Guozhi Liu,bEarn Finance,1473555023
iam_lionheart,1727639177,-2693488763612735405,Lion Heart,bEarn Finance,1473555023
lkklfff,1871814711,5096300306136388062,Kinima,bEarn Finance,1473555023
iveqejatowiqI,1563677467,-878316040016292397,Lacy Gonzales,bEarn Finance,1473555023
mingxili,1618194304,3420064901487907720,Mingxi Li,bEarn Finance,1473555023
Leehoole99,1122805728,-6961189664334601541,Lee,bEarn Finance,1473555023
lindecraig55,1832889600,-8760044503942974008,Linda Craig,bEarn Finance,1473555023
DalmataVerde,1380399515,265788960498816971,Luis Irrazabal,bEarn Finance,1473555023
elijah_leo,1487822077,-557033564383110759,Elijah leo,bEarn Finance,1473555023
FlightLounge,1514442752,-3892705422134258865,Flight Lounge,bEarn Finance,1473555023
KapengBarak08,1982813090,3605743703729409010,Kape,bEarn Finance,1473555023
Kai_admin,1893775364,-2160001362716195446,Kai Kwang,bEarn Finance,1473555023
KjVDhVsiwu58634,1800514925,4515931647184794378,MADLYN ine,bEarn Finance,1473555023
jkds199,1967120206,-4750730765816622018,jkds,bEarn Finance,1473555023
christain_james,1244457676,9165977108008628830,Christian James,bEarn Finance,1473555023
joselap23,1194400493,-3048839998787489594,Jose,bEarn Finance,1473555023
HensleyCryptoTrading,1719725015,-7143232276908533994,Hensley Jude,bEarn Finance,1473555023
donal_Jr9,1853926747,255834418770457922,Donal Jr,bEarn Finance,1473555023
julie217g,1746197463,-2180647534890170122,Julie,bEarn Finance,1473555023
Julian_hose,1670593759,2581395754826308858,Julian Hose,bEarn Finance,1473555023
aziz12345678910,1316234437,2517545080902350864,BeAuTiFuLüçß CrYpTo BaBy JoAnNaa || üçãüçáüçàüçó||,bEarn Finance,1473555023
musicmeetstheblockchain,1108907791,6335563327592880981,Ina Crypto,bEarn Finance,1473555023
IdneiM,1412770333,4844399732965447243,idnei monteiro,bEarn Finance,1473555023
Isha3_0,1311468766,8127547199905212402,Sneha Arora,bEarn Finance,1473555023
cryptopreneur_indo,1295889354,-1804530189903198369,cryptopreneur,bEarn Finance,1473555023
Hear111,1320800031,-6885793831074568919,AHT,bEarn Finance,1473555023
damushi,515724300,8935404721142910774,An hui,bEarn Finance,1473555023
hidato1,1407797063,-2892040835551143116,Estes 123,bEarn Finance,1473555023
Huairo2,1087331959,3435741012009705405,Agapito Del Bosque,bEarn Finance,1473555023
ClaudiaHaro,1850744103,1072639482497697486,Claudia Haro,bEarn Finance,1473555023
Hccccccc1,1332613006,-5174023654924031486,Hc Hc,bEarn Finance,1473555023
gabe_arg,1539526154,4409922837276821293,Gabe,bEarn Finance,1473555023
bernie2711,1659910483,1864386737789021043,Bernie Gillhoover,bEarn Finance,1473555023
ginoponco,653224975,8207512281846840154,gino ponco,bEarn Finance,1473555023
bEarnDefi,484631721,-7682904334956329696,bEarn.Fi Doctor,bEarn Finance,1473555023
FiFarms,795759836,8646123342021012889,FiFarms,bEarn Finance,1473555023
e1r1k1,1171909566,5703919507883111515,e1r1k1,bEarn Finance,1473555023
einsenburg,1646905289,-8034965681391584615,senburg,bEarn Finance,1473555023
ElonMusk63,1400607627,-3818304946314483550,666 555,bEarn Finance,1473555023
EmannuelGoldstein,1193409445,4689275254741754190,Emmanuel Goldstein,bEarn Finance,1473555023
elwin747,731824977,900270268996044950,Elwin Robinson,bEarn Finance,1473555023
AeneaDB,1799641106,-7792062461662944551,Enrico Agostoni,bEarn Finance,1473555023
ephraimhodlr,1288672629,5625950129383698402,Ephraim (The Hodlr~),bEarn Finance,1473555023
Ecom12,657352083,-7090422577496320539,üê≤,bEarn Finance,1473555023
DeHa1908,1414679315,-6049364286214722939,Aries,bEarn Finance,1473555023
CryptoGemFunder,1193328768,-1594658010962006028,CryptoGemFinder,bEarn Finance,1473555023
christineberry,1415075332,3696622576480596510,Christine Berry,bEarn Finance,1473555023
Caplin1929,1632382392,-6591207459670277816,–†–æ–Ω–¥–∞ –ò—à–Ω–∏–∞–∑–æ–≤–∞,bEarn Finance,1473555023
bodaymartin,1590712259,-7031048605363477089,Boday Martin,bEarn Finance,1473555023
abololo1212,782560728,8431530780627025137,⁄©Ÿàÿ´ÿ± ⁄©Ÿàÿ´ÿ±€å,bEarn Finance,1473555023
Mlsyrsz,1671407468,4771800405481738207,Melisa Yersiz,bEarn Finance,1473555023
bashoorn,952019563,2019331320771108780,Yes Man!,bEarn Finance,1473555023
YamiSukehirosan,344839769,-6052236250023670003,Satoshi,bEarn Finance,1473555023
yasmeen231991,1309604752,-1036104988314358324,Jk,bEarn Finance,1473555023
LeeChangY,1082769888,-5237270416863029483,L Y,bEarn Finance,1473555023
yscda,1691392736,-2231037942582402355,YScode,bEarn Finance,1473555023
pringKUn,1076326701,-1491147908966332461,Yju,bEarn Finance,1473555023
Generic_Scum,976908756,7798822783783652907,Generic_Scum (I'm gonna DM you first),bEarn Finance,1473555023
terayosh0,475995692,4632165782932069258,Teramoto Yoshiro,bEarn Finance,1473555023
boyanboya,1363967259,5100833479594937004,‡∏∫Boya WJ,bEarn Finance,1473555023
wildfire99,1685742065,6099935780120287788,Colin H,bEarn Finance,1473555023
MonsterKha,1101036997,7634456265841281475,Hitlar www.worthpad.io,bEarn Finance,1473555023
weizhe996,1285575497,-696651336079631928,Weizheon,bEarn Finance,1473555023
Whaledefi,1135163962,7020540765468398565,ÊäïË≥áÊ°àÂÖßÊâÄ Wii,bEarn Finance,1473555023
wikimangun,1119430848,8596770016314507825,wikiman,bEarn Finance,1473555023
changng789,1017965107,-542343016777179573,WN,bEarn Finance,1473555023
heilkraut1337,1039520057,-6337432095994474087,One Way,bEarn Finance,1473555023
workmanJP,1673819740,4748425798468676424,nanimono @‰æçÁµÑ,bEarn Finance,1473555023
wismna,1340588249,-8421715196519729692,Geo,bEarn Finance,1473555023
warrior_crypto,1461324306,4288550830744730546,Crypto Warrior,bEarn Finance,1473555023
TarotWind,1534095514,777591431770873811,Windy,bEarn Finance,1473555023
Mike_L_WB,905202251,1171729826578824494,Mike Lambert,bEarn Finance,1473555023
Wijanan,1149290808,-1522845249101012727,Wijana | Never Dm First,bEarn Finance,1473555023
william_donald,811390678,-5876278824358704723,william donald,bEarn Finance,1473555023
Aysha9853,587761923,-2026868157203969616,Bay | WEYU.io,bEarn Finance,1473555023
LeonVeg21,1003300596,1432526542895191240,Leonard Vegas,bEarn Finance,1473555023
Albert_AU,1507809406,-7941468224628065675,Hshb Vshb,bEarn Finance,1473555023
alphadogge,1641502852,-1370912837746612484,the volcano,bEarn Finance,1473555023
bkexryan,1484790017,3557033221488269765,Ryan Victor,bEarn Finance,1473555023
Vincentlao02,1158478048,-4911119116177764978,Vincent Lao,bEarn Finance,1473555023
dr_jack_tripper,1623499073,7637970904030610022,Jack Tripper,bEarn Finance,1473555023
tiggersmith,1796803403,-5957494829056506259,Tigger,bEarn Finance,1473555023
mortalkastor,1796408682,5571443290946244768,T B,bEarn Finance,1473555023
TheKillerDeer,438864567,2755352126413172547,Blue Lotus,bEarn Finance,1473555023
TheMoonBaboon,318352357,-9179742826853926188,Moon Baboon,bEarn Finance,1473555023
chrisbscdottools,1580070872,-6442901673293266763,Chris - BSC.tools,bEarn Finance,1473555023
Terlaraxng,1345165056,1272149679786766853,Jack sparrow üå†üå†üå†,bEarn Finance,1473555023
Adamsmith09,1772428239,-7664883482710742893,Adam Smith,bEarn Finance,1473555023
sOn0024,939870928,5397318863894340225,S,bEarn Finance,1473555023
makisevengar,1329951498,7899795476769349634,Maki Sevengar,bEarn Finance,1473555023
Sirshanks,1756695993,5075258515048328681,Austin,bEarn Finance,1473555023
BuildingA3rd,1177307970,-7221498464670184407,39422 Studio,bEarn Finance,1473555023
Rayraff,1287722469,-1007515147890563982,Ray,bEarn Finance,1473555023
ryan1049,1796588526,8853479341253590542,Ryan A,bEarn Finance,1473555023
roselina12396,1733610092,6941091843675217276,Roselina,bEarn Finance,1473555023
RamiroDubini,970388221,-7396953906962917884,Ramiro Dubini,bEarn Finance,1473555023
retnowidjayana,1460665151,3178427254503290297,retnowidjayana üçÄ,bEarn Finance,1473555023
Rupam1511,712791572,3356666763484374818,Rupam,bEarn Finance,1473555023
Rebguev,688367895,9168101530820273154,CafeLatte,bEarn Finance,1473555023
spandey2021,1622663662,-5345415112799032889,Sangita Pandey,bEarn Finance,1473555023
gastperalta,1027706803,3963329340954245548,Gaston Peralta,bEarn Finance,1473555023
adhiprimana,1090526972,8126845097365376191,Adhi Primana,bEarn Finance,1473555023
Sharnaeipril,1696047998,8826107092455943074,Shani | ‚Ä¢ Promoter ‚Ä¢ | Shiller,bEarn Finance,1473555023
partydirector,1713499424,525288060043251857,Party Director,bEarn Finance,1473555023
poeticcoin,1637510281,-36238293486490828,Po,bEarn Finance,1473555023
arm8tao,1743831774,1961192962830961730,Arm Padtao,bEarn Finance,1473555023
ParvaizONEx,1211962789,-7119218778778691156,@ParvaizONE #üíô,bEarn Finance,1473555023
ParvaizONE,1716933428,-815190237054298888,ParvaizONE,bEarn Finance,1473555023
Abparveez,1043695941,-1427167176777204123,Ab parveez (CryptoLover),bEarn Finance,1473555023
PrinceQamaral,676271300,-445745228802572222,Brahma Kelana,bEarn Finance,1473555023
PiL0ng,1409552240,-2828368526638648128,Pi LOng,bEarn Finance,1473555023
cRytopr0fit,1744061406,-7970229572183476452,Crypto Profit,bEarn Finance,1473555023
PriceBot_Admin,1282758759,-1169199793039334023,PriceBot Admin,bEarn Finance,1473555023
pentaqq,658329033,-5337821071157274294,pentaqq,bEarn Finance,1473555023
pandusupoyo,1318869816,-1619996588881344955,Pandu Supoyo,bEarn Finance,1473555023
popinlo,903830757,5649238152619318481,popleto,bEarn Finance,1473555023
tegapereta,1418192560,-2403615485777689105,T P,bEarn Finance,1473555023
orkasta,1216021891,6373892539658970949,Orkastra,bEarn Finance,1473555023
thongnguyen_official,1319231843,-1848553168256751186,CryptoCurrency,bEarn Finance,1473555023
OritamaMoon,1699730963,-3451160110750229302,Baby - Bugga - Boo,bEarn Finance,1473555023
jiwei666,1651475628,8731449569747480276,candy otcspace.io,bEarn Finance,1473555023
oyoyobr,856204068,2069852137867943484,Cim,bEarn Finance,1473555023
ogoowinner,382693678,-616268279408194253,Ogoowinner,bEarn Finance,1473555023
skywalker78k,1237591200,-6481023972019897758,Oscar Bern,bEarn Finance,1473555023
Nblekill,1761877280,3962588431093340773,nble kill,bEarn Finance,1473555023
Notonoto,1652186120,2671948762945979390,Noto Ash,bEarn Finance,1473555023
nemesis9988,1753589517,-1595241068515733338,NemesisCall,bEarn Finance,1473555023
nlertplakorn,1675569147,6956082503756800760,Nat,bEarn Finance,1473555023
tuahear,1511818748,-1246591301370651825,Nick,bEarn Finance,1473555023
Bodino2406,1484358571,-7992247632936742555,Catalin Nicolae,bEarn Finance,1473555023
menoka2000,1642444482,-4279842100136722014,Menoka #ApeSwap,bEarn Finance,1473555023
moderator_07,1768176694,3922042526785338237,Moderator üöÄüöÄüöÄ,bEarn Finance,1473555023
lexyyloads,1091380984,971602893793048831,Lexxyy Luther,bEarn Finance,1473555023
Lemrani,1582388199,-2305968961438988329,Ahmed,bEarn Finance,1473555023
Boss5734,1081869935,3253372405572542582,Levo Goldberg,bEarn Finance,1473555023
anhducle98,919885495,-28458887036352322,Duc Le Anh,bEarn Finance,1473555023
lewisbm,101790564,7374453836787453632,Lewisbm,bEarn Finance,1473555023
luckystart209,1691430489,7338057939649101749,Lizzy@LuckTogether,bEarn Finance,1473555023
spartanmans1,1460002752,575615159641793725,spartans1 luo,bEarn Finance,1473555023
lhp1979,1756130711,6261703648210956559,B L,bEarn Finance,1473555023
Lucassobrino,957455682,-6994154484778213952,Lucas,bEarn Finance,1473555023
Laura4luv,1214450737,-1499413629687934471,Laura Davis,bEarn Finance,1473555023
GoldLionGroup,1610464333,5780223664173915635,Gold Lion Group,bEarn Finance,1473555023
simushang,1779489910,3908861894420922185,LA,bEarn Finance,1473555023
Danamo2001,1372687858,-4246028338849541508,Dan Lundell,bEarn Finance,1473555023
laughmorefromnow,1672486399,-7442302914698063986,laughmore fromnow,bEarn Finance,1473555023
LaoTseuTao,1560450833,-4635956997251818462,LaoTseu,bEarn Finance,1473555023
kefertechofficial,1693737200,2059847493913759854,Lazy Ape,bEarn Finance,1473555023
hyunkiki,1659204979,-3647337784917268671,Hyun-ki,bEarn Finance,1473555023
KatoshiCoins2020,1236679658,-6109867947955621086,KatoshiCoins2020[@KatoshiCoins2020],bEarn Finance,1473555023
CEOKOBOCOIN,1537635806,8852770102868888807,Kobo Coin,bEarn Finance,1473555023
kunkiwi,1117195254,-4754644503970130032,S√©bastien [SPFR],bEarn Finance,1473555023
sabelombombela,709537651,-8737737348738715153,Sabelo kaMvelase,bEarn Finance,1473555023
SmartPixelHQ,1605929228,-5728397227722522374,KingJongGuts,bEarn Finance,1473555023
kevingeurts1988,1333237773,8607580532862777580,Kevin S,bEarn Finance,1473555023
Kanzuokin,1445668120,5981090179992901826,Kanzuo Kin,bEarn Finance,1473555023
kokiku7,1390506244,1141517688677678200,koki 7777777,bEarn Finance,1473555023
adacck1010,511047116,-3347343977843230381,Aa Ky,bEarn Finance,1473555023
Kelitoo,889441057,-5447020248406394548,joshhh,bEarn Finance,1473555023
kirarix,197619894,8848331262114199859,Kirarix 111,bEarn Finance,1473555023
johnny4685,1811170392,-8758768549338024496,john,bEarn Finance,1473555023
Jark23,1809278526,-4625150590415427782,Jrak Aln,bEarn Finance,1473555023
AdenmorphoJoaquin,1506878221,-2833189913226198952,Aden Joaquin,bEarn Finance,1473555023
dichotomously,1291731124,-6666206137078914793,Jefe Bezos,bEarn Finance,1473555023
Jaminman,1519982206,5261496119378111684,Ben Shannon,bEarn Finance,1473555023
Jas5911,949951987,-5358453507946938032,Jas,bEarn Finance,1473555023
John165,1475760891,1994776240614835694,John,bEarn Finance,1473555023
itfsay,1376024554,413248260619923014,itsi,bEarn Finance,1473555023
investoren8,1613619833,631029157859427431,Pback,bEarn Finance,1473555023
IssacLee725,1213553361,3136809554868774871,Issac Lee,bEarn Finance,1473555023
Libra_in_a_Cage,1612098346,5291156516350521877,Libra_in_a_Cage,bEarn Finance,1473555023
alphaFC,1519416051,-3391761758468490764,Ice,bEarn Finance,1473555023
aamir_ijaz,924218384,6107399138731833038,Aamir Ijaz,bEarn Finance,1473555023
safetron2021,1478437820,2955725492245706947,Safe Investment,bEarn Finance,1473555023
ikenna99,1035332367,569554608243402783,Ikenna,bEarn Finance,1473555023
sukiya_homei,1597874457,2755853599512964746,hotpot,bEarn Finance,1473555023
harun_ak1,1533175411,3044569619345393591,Harun Ak,bEarn Finance,1473555023
hattaroem,1794726951,8133907522203489833,Hattaroem,bEarn Finance,1473555023
Husnain25,1699359634,6970741851743076188,The Hodler,bEarn Finance,1473555023
hechengwine,270352798,-549549571320067015,he chengwine,bEarn Finance,1473555023
Brainbeatuk,1678744803,-2452546953399535237,Grahan Hunt,bEarn Finance,1473555023
SandraHong2506,1308324794,9006950966718693896,Sandra Hong,bEarn Finance,1473555023
hsnnaufal,1600567631,-1070563307159514247,hasan naufal,bEarn Finance,1473555023
liboheng2,1691377376,-5620860409632303831,Heng Elon,bEarn Finance,1473555023
Drop007,1045345707,123555278078130018,Helmi || TM,bEarn Finance,1473555023
Dinda_Nuraisya,1497849065,-8453640355666490996,DINDAü¶¢___HUNTER GIVEAWAY___‚òÄ‚òÄ‚òÄ,bEarn Finance,1473555023
faker102,834396833,4714011212055905731,Pham Hung,bEarn Finance,1473555023
hfold,841925587,-4757772325863713005,carlo,bEarn Finance,1473555023
GaFeVe,1128355973,-493958609492612029,Gabriel,bEarn Finance,1473555023
GregoireM,1262979970,8091927519984308820,Gr√©goire,bEarn Finance,1473555023
Ghhhsjsieis,1786842089,-7022123916326309737,Geraldo Ferreira,bEarn Finance,1473555023
Ghengistron,1688486551,7715039652537039309,Silver Back,bEarn Finance,1473555023
guncelbitcoin2,1581307168,-776456689376107688,Guncel Bitcoin,bEarn Finance,1473555023
gauspith,1438649345,1526845769928349139,@gauspith,bEarn Finance,1473555023
bltethg,1397628098,8440166358596816814,Ginsend |,bEarn Finance,1473555023
burakgoynuk,1680198412,7149049877494287397,Burak Goynuk,bEarn Finance,1473555023
green_falcon7,442637583,4537161535801721369,Travis,bEarn Finance,1473555023
Durkioooooo,1557181060,1276867438722111376,George,bEarn Finance,1473555023
Gabi_Rocha89,1552925024,-8100555243929326265,Gabriela Rocha,bEarn Finance,1473555023
guillenosurname,929898804,2538651544383812530,Guillenosurname999,bEarn Finance,1473555023
ggbTop,299481324,2553975895926658150,Tobi,bEarn Finance,1473555023
Mweow14,1459710236,1910391638293826017,Gigi Gamarza,bEarn Finance,1473555023
fenickx1,1674831005,-8402237356512745454,Fenickx,bEarn Finance,1473555023
fidyiveo,1718620438,-4492918833962232330,Fidyi,bEarn Finance,1473555023
FerC1977,1595097678,-2149136509694908088,Fer,bEarn Finance,1473555023
CryptoFurkanAgent5,1587934605,-4533117714150686,Crypto Furkan Agent,bEarn Finance,1473555023
Fred_Trader,499951198,-8187889766872063348,Fred-Trader,bEarn Finance,1473555023
Abayomifash,1083447764,-8794595278698935982,Fash the Beast,bEarn Finance,1473555023
mrssombedy,1168074159,4712324320932148064,Fr8pkds,bEarn Finance,1473555023
Restarft,1676717357,-4508289048534392190,Sonic ‚ö°Flash,bEarn Finance,1473555023
Facripto,1498215832,3371113720943067150,facun,bEarn Finance,1473555023
Emonty62,735431816,2881808209625819362,EMonty,bEarn Finance,1473555023
loverwe,1091870622,-3197397932524456942,Elon Music‚úì,bEarn Finance,1473555023
ledilek,811462815,-1641180029552367745,Ledile Edward Kgomo,bEarn Finance,1473555023
Eklavyabana,1405687872,106638705105188123,Eklavya Shekhawat,bEarn Finance,1473555023
drei3333,1535469452,-4351686377736808567,elon masker,bEarn Finance,1473555023
EdmenInversiones,1359386072,-2530211949528227141,Edmen,bEarn Finance,1473555023
EmbrioCrypto,1438607498,5056460857378140163,Embrio Crypto,bEarn Finance,1473555023
TheRealNigel,1372020808,5002275968864315703,Nigel Emmanuel,bEarn Finance,1473555023
Ender13,385094250,6694862662829069392,Callisto,bEarn Finance,1473555023
adoremon,795551048,4285879775637293622,Ador emon,bEarn Finance,1473555023
Billyelsh,1362603829,1678203372331903861,Billy Elsh,bEarn Finance,1473555023
Evaldo19735,1378106855,3165838957417034348,@Evaldo19735,bEarn Finance,1473555023
Bappy999,1287631309,706842649937573622,Bappy Dey| bitcoin classic,bEarn Finance,1473555023
DylanCromhout,1467648738,2199749958573269190,Dylan,bEarn Finance,1473555023
DiMassimoEcom,571102805,6207919843150232419,Di Massimo,bEarn Finance,1473555023
devSaudeep,832118749,1484500883620300666,Saulo Almeda,bEarn Finance,1473555023
cikcik38,1319900911,-5893868585133157766,CIKCIK,bEarn Finance,1473555023
ChaseWTelegram,1443029694,-4540694401090050213,Chase,bEarn Finance,1473555023
Bslim1,637858473,-2358317175564766490,B Slim,bEarn Finance,1473555023
B35213329,900756962,-5825890900958372074,B35213329,bEarn Finance,1473555023
Bry_Bud,1580234653,-6577015577153992109,Bryan B,bEarn Finance,1473555023
Cooldude00165,1756311158,-7116531577704557352,Anshu Bassi,bEarn Finance,1473555023
albinthomas4u,496967693,7674509816314684050,Albin,bEarn Finance,1473555023
Atlasworld0920,728457215,-2332536428177417076,Atlasworld,bEarn Finance,1473555023
dr_tanaka,1373716968,2359568706457253254,J Dosamantes,bEarn Finance,1473555023
MrManifolder,1456734990,-8979144780920825335,T,bEarn Finance,1473555023
triggerwarning,1309653495,240522920749555283,ü§î,bEarn Finance,1473555023
Trustedandsucess12,1014720471,-7518262762614669360,Smart Collinsl,bEarn Finance,1473555023
tmblux,1499077989,-313594012624296004,tmblux,bEarn Finance,1473555023
turbosix,498386280,6677715529593447718,Turbo Six,bEarn Finance,1473555023
timelyrain,378932185,-7996040028572918746,Py Lee,bEarn Finance,1473555023
TGROkyouth,1440478107,2870154113791593997,TGROkyouth üéπüéπ,bEarn Finance,1473555023
TrunkzN,1057562658,4361334893518923650,Trunkz | @moonhunters,bEarn Finance,1473555023
tonnysen28,1493125172,3675868203225650491,tonnysen28,bEarn Finance,1473555023
s40k0hama,1649793450,-3232998511271096467,Cielo,bEarn Finance,1473555023
Saktosi,802765133,7970439875295913343,Ajinamoto,bEarn Finance,1473555023
bscmoon_su,1764382140,-3965688663441307149,Bang Alexsu,bEarn Finance,1473555023
ryuko55,1098465065,4679403026921692488,Ryuko,bEarn Finance,1473555023
coolworldcade,1562752883,5175507893807202369,R. ‚ÄúCool‚Äù Cade,bEarn Finance,1473555023
riskyaldinata,1321780179,1817067202998402045,Risky aldinata,bEarn Finance,1473555023
ruborpotlid,1452389781,-8783939411820509177,ruborpotlid,bEarn Finance,1473555023
RoysharkSEO,968848485,4847437497933437456,Roy Shark,bEarn Finance,1473555023
RidoCryption,1601750499,-5477566581487723469,Rido Crypt,bEarn Finance,1473555023
rodriben,483798983,-1887191623013733003,Rodrigo B,bEarn Finance,1473555023
RedPartyHat,1436563995,-8035615835727559205,Red Partyhat,bEarn Finance,1473555023
RapidJack,1181947320,-6389847681959860561,Rapid Jackson,bEarn Finance,1473555023
MedullaOblongata,1650483115,1364796820929416060,porcupine,bEarn Finance,1473555023
MEREAINA,1128227298,3536808843441801854,Mere Pomare,bEarn Finance,1473555023
punniepunn,1302186454,5725382928769332147,punnie punn,bEarn Finance,1473555023
pixellive,396157954,-3151234498871441884,Crypto Collector,bEarn Finance,1473555023
superhighguy,1020529255,-3744132292606445421,Paul Jam,bEarn Finance,1473555023
dotstyle,546568356,4966815571651941253,Poolboys,bEarn Finance,1473555023
Peoplesface,1656879636,-1574071564862770854,Peoplesface,bEarn Finance,1473555023
panduck_crypto,1022840704,536295306976506666,panduck_crypto,bEarn Finance,1473555023
keluargaHore_PW,1484325016,-8522642405940022052,Keluarga PWüòÅ 100,bEarn Finance,1473555023
Potch114,1479957004,1719874834855595936,Potch114,bEarn Finance,1473555023
TuanP3,1699305858,-7823108790222642935,Tu·∫•n Ph·∫°m,bEarn Finance,1473555023
danieldy774,675451024,296759174016043862,Parvez Khan,bEarn Finance,1473555023
ponyla3,980949646,-4875660546786382770,pony,bEarn Finance,1473555023
PROOFofPAOLO,1548429928,7408808814505639893,AP Gee,bEarn Finance,1473555023
psyclone13,992261392,-4900392326882878704,hari,bEarn Finance,1473555023
PumbBull,1541833242,-7757078359853741558,Bull,bEarn Finance,1473555023
nukleuz16,1561804522,7934617802931980451,nukleuz,bEarn Finance,1473555023
NkCrypt,1641387875,-3833426484248384302,Nk NK,bEarn Finance,1473555023
sevginesime,1621787569,168122964859255645,Sevgi Neslim,bEarn Finance,1473555023
neonTele,419259749,6963501329321323034,Jon,bEarn Finance,1473555023
Nalurxi,1667807829,7115729308539246989,SETIA KU,bEarn Finance,1473555023
HadiNoFEE,762281698,-5958136156532905668,Hadi Nor,bEarn Finance,1473555023
natron89,1182343665,-5179378722798081820,Nathan Natron,bEarn Finance,1473555023
Nick3051,1031615464,797572866479637171,Abc,bEarn Finance,1473555023
namhungtran,1670373485,-2754031625159446623,Hung Tran Nam,bEarn Finance,1473555023
Noisally,1102664846,4235181519387793352,Hytm,bEarn Finance,1473555023
Ninacls,1331217133,4573157468166967543,Nina,bEarn Finance,1473555023
Nero5541,1598966421,871860241487995978,Nero,bEarn Finance,1473555023
cryptonomadsadmin,1524640748,-7728568109259610922,Crypto Nomad,bEarn Finance,1473555023
BigDumpus,1102437344,-1393344870917866253,Neuro,bEarn Finance,1473555023
NJoyngLyfe,1340913303,-6435160711837675794,‚ú®NJoyngLyfe‚ú®,bEarn Finance,1473555023
Sugih328,1082918295,7969864097487973148,No Time 4 Love,bEarn Finance,1473555023
Nindy8,1307926010,4463756135812042952,Nindy,bEarn Finance,1473555023
Nickey,959588192,8491277680623290018,Nicki Gillis,bEarn Finance,1473555023
ahihihiii,957165191,7254805220565654208,Ch√≠p S·ªë Nh·ªç,bEarn Finance,1473555023
Magnetman21,1755595051,-7557082568910559896,Magnet Man,bEarn Finance,1473555023
JamaalRBX,1503701198,-3013473971270866742,Luke Mcclusky,bEarn Finance,1473555023
Sfoldier,1451825531,130891443976384077,Levi CryptoX~Astronotüå†,bEarn Finance,1473555023
JLinkK2,1595626317,-8714054231642385238,Linh Ho√†ng,bEarn Finance,1473555023
LongThanhHANOI,1643154079,-5782911265695352522,Th√†nh Long,bEarn Finance,1473555023
Loiiion,1132930941,-1454360836088943500,Loyi Lol,bEarn Finance,1473555023
LokiLittleBrother,1570553420,-6271761939188324788,Loki,bEarn Finance,1473555023
liangyu99,889441101,2352160195665813069,jkka ska,bEarn Finance,1473555023
SIGMA_LOVE,1423785876,6497604274189121669,SIGMA ‚ù§,bEarn Finance,1473555023
Dmtalla,1401716873,-1304375926888222953,DMT Land,bEarn Finance,1473555023
Justin_bana,1077986269,1201007391829027200,Justin Lee,bEarn Finance,1473555023
Thelouisthomas,1171649519,-154423709526271859,Louis Thomas,bEarn Finance,1473555023
Lion_456,1362621016,-8812261141697555561,lion,bEarn Finance,1473555023
aks141514,739229480,4620538356917534468,KMD,bEarn Finance,1473555023
Bos4ll,1399979283,-125217913774118657,Bos khu,bEarn Finance,1473555023
KuSu36,1303304164,2385488400194485993,Ku Su,bEarn Finance,1473555023
KikyQianzy,1451657103,6218930374820502939,KikyQianzy üçÄÏäπÏûêÍ∞Ä Îê† ÎÇòÎ•º ÏÑ†ÌÉù,bEarn Finance,1473555023
ken88888888888,1339283526,2605976191995603531,Ken 88,bEarn Finance,1473555023
Khetsingh,998464841,-5921111897121314712,banna Ji,bEarn Finance,1473555023
kingkc7,684706643,3060352206365930618,King‚Ñ¢,bEarn Finance,1473555023
kmlmonk,1699354713,6743587378358855747,Kml Monk,bEarn Finance,1473555023
KyungS1,1492593599,5622609472778677078,Kyung Soo,bEarn Finance,1473555023
haremking17,1416629321,5146235227838161155,Harem King,bEarn Finance,1473555023
Joicekota,1124712045,-678955319258069447,Ajust Blast,bEarn Finance,1473555023
jonyjay,1075684493,6443541015358605496,jonyjay,bEarn Finance,1473555023
juancabral,961345830,-199520338111091758,Juan,bEarn Finance,1473555023
justinfun001,1309328274,-2347791239210896054,Justin,bEarn Finance,1473555023
JarrahM,485244084,-5021029101747641761,Jarrah M,bEarn Finance,1473555023
Joe_cocker8,1338933736,-3035276009640516783,Joe Cocker,bEarn Finance,1473555023
johnsanc,1649948753,-3696997452464661192,johnsanc,bEarn Finance,1473555023
TranHoang8,1494886503,-3626839495951355204,Tr·∫ßn Ho√†ng,bEarn Finance,1473555023
hDuc11,1658856755,-2433160817191565536,Ho√†ng ƒê·ª©c,bEarn Finance,1473555023
Happytrailscrypto,482739317,-163866829266923755,Happytrailscrypto,bEarn Finance,1473555023
geesehoward_boss,1599116047,-7374611077514698280,Geese Howard,bEarn Finance,1473555023
hadezxys,548522725,2977647499650174783,Hades,bEarn Finance,1473555023
harris_murphy,1201712653,-1293911664930937768,Harris Murphy,bEarn Finance,1473555023
jongsita,1052196719,-7518492756324338817,Jong Sita Alert | Hope Global üî•,bEarn Finance,1473555023
Goodcol,1443292055,-8408200014500403913,Good Col,bEarn Finance,1473555023
MadCryptoYield,1380449935,3382114837832834956,Gon CryptoYield,bEarn Finance,1473555023
TheGoat21_bot,910096037,-6933104043933150485,The Goat,bEarn Finance,1473555023
Bider15,749936570,-6384998424423877461,Grega,bEarn Finance,1473555023
gurmeetredhu,538011412,5963559728663243497,Gurmeet Redhu,bEarn Finance,1473555023
babycrut,969663237,-4521178949091411543,Baby Gang,bEarn Finance,1473555023
ELDORADODELSUR,641075744,-6490463676279314124,ALMEIDA GUTIERREZ,bEarn Finance,1473555023
cunning_beast,1591363675,5120517135588691717,Mr. Fox,bEarn Finance,1473555023
Defirec0,1553719360,3267237202528769387,Fcode Membrain,bEarn Finance,1473555023
funnydogcrypto,1098855050,272448925269278988,funnydog.crypto,bEarn Finance,1473555023
abhiishekdas,933661982,4344525330868837691,Abhishek Das,bEarn Finance,1473555023
d3vsin,1418362369,1625085781553025617,Devsin,bEarn Finance,1473555023
daledn,1252718966,-1311052821562712895,ADN,bEarn Finance,1473555023
suloopdali,1146869762,-2919086622254737608,dali,bEarn Finance,1473555023
cfidefi,1668291058,-7687430860337451097,Cfi Defi,bEarn Finance,1473555023
Cryptofajju,1419865575,7923357806441225134,Cryptofajju,bEarn Finance,1473555023
calllllllllllllll,1560288071,-6660059175246064154,Cal,bEarn Finance,1473555023
brightindo,1098467459,7371808025395098490,Bright,bEarn Finance,1473555023
chkosk,1106036536,-7006904720814002367,Charlie B,bEarn Finance,1473555023
BenJohnTom,947097673,4492715061013986165,MaryBenJohnTom,bEarn Finance,1473555023
Arashflash43,415310681,3936441281014628224,Arash,bEarn Finance,1473555023
amanda123965,1714660047,-498410038483730344,Amanda,bEarn Finance,1473555023
a78392598,1619017939,-413611052143198044,üêü,bEarn Finance,1473555023
AmarArora,1320496202,3554354011052733674,Amar Arora,bEarn Finance,1473555023
alexsc1,1416023936,7683541880946517906,alexsc _,bEarn Finance,1473555023
TR3SE,1296247831,1341705439445603068,TR3SE,bEarn Finance,1473555023
take2w474,1690629948,-1366526407591884438,apch,bEarn Finance,1473555023
Mrrtima99,1634465814,8256890694159192335,Mrr Tima ·ü°,bEarn Finance,1473555023
Temmybaba,810173235,5150939888609660166,Temmy Baba,bEarn Finance,1473555023
angelicazpxe0,1210258209,-3335861239595625997,Angelica Tworek,bEarn Finance,1473555023
Treas007,1426929499,7871994097739693241,Treas0007,bEarn Finance,1473555023
TE524,1208377092,-4333965336641008106,Dul,bEarn Finance,1473555023
riskacrypto,1224695022,5288175506588491009,Riska Tia,bEarn Finance,1473555023
SamuraiCryptoCat,1430291091,7875108747060092975,SamuraiCryproCat,bEarn Finance,1473555023
Ranjith1,198893987,-7447133354218506117,Ranjith,bEarn Finance,1473555023
Rosie121,1271149771,-7252938434005034902,Rosie Cheynes,bEarn Finance,1473555023
ric23,1010054168,-7690873434622317495,Rodney,bEarn Finance,1473555023
melangeetc,1665574127,-1169332104313716704,melange,bEarn Finance,1473555023
Mohtrak,1657515884,-8097479231438954758,Arno,bEarn Finance,1473555023
jame_charlie,1331982380,3625431381422583346,James Charlie,bEarn Finance,1473555023
aztuzeca,10134977,557304114813064167,Jose Antonio,bEarn Finance,1473555023
JustinAlphonse,1520383067,6751249286132516482,Justin Alphonse,bEarn Finance,1473555023
BonDanJs29,1425714870,266561390088072018,BONDAN^^Junio¬Æ,bEarn Finance,1473555023
JFStewardess,1479655374,5022310416678316848,Jetfuel Stewardess,bEarn Finance,1473555023
dika124,913747194,-6871475031797053733,Johannes,bEarn Finance,1473555023
juniorjojo,1102713361,-1768360465832905692,JoJo,bEarn Finance,1473555023
davidbata55,1444868194,-2750424262799246308,Deivid,bEarn Finance,1473555023
DollyAdamMan,1453442745,6274570316151818326,DollyAdam üåüCrypto,bEarn Finance,1473555023
StangerinMarvel,1558839821,6902209592263510525,Dr Stanger,bEarn Finance,1473555023
MatKawa,1311753303,-3222703853112758739,CryptoTed,bEarn Finance,1473555023
cryptojacque88,1491869282,6235855696824441811,CryptoJacquee,bEarn Finance,1473555023
BEXXASCHEDULE,1359659669,2429073410398036259,BEXXASCHEDULE,bEarn Finance,1473555023
Backflixp,1600884456,-8480557344554534890,Andro Maiyda,bEarn Finance,1473555023
BuddhaApe,927543354,-5704071771034243623,BuddhaApe,bEarn Finance,1473555023
banana9991,1276327416,7421910767605446175,banana,bEarn Finance,1473555023
BlackMafia0000,1597599739,-404656403916210878,Black Mafia,bEarn Finance,1473555023
SOLBigBrain,1459083786,-4100601680373647463,SOL Big Brain,bEarn Finance,1473555023
Dongbigi,1492835848,-156479288462589310,Mateo Bigi,bEarn Finance,1473555023
Belmiraooe,1188011610,4082585127222815838,Belmira Dylla,bEarn Finance,1473555023
bayukarna,569153407,4766699773717984222,Bayu | .,bEarn Finance,1473555023
Bahar4532,1337420023,-4882507380627252632,...,bEarn Finance,1473555023
angela776,1156643832,323777995771671597,Angela,bEarn Finance,1473555023
Allergic2Mornings,245661191,-4766767763626817960,Allergic2Mornings,bEarn Finance,1473555023
ayawsascam,1614832050,1930184748318876698,Aputep,bEarn Finance,1473555023
Abc182838,1206710019,-8012262530280288783,Â§ßËä¨Â•á ‰ºç,bEarn Finance,1473555023
sanrusi,801700933,-1240690205314531553,Santiago - Criptolandia,bEarn Finance,1473555023
Crypto240188,935298892,5098323254051430427,Crypto Slowmo,bEarn Finance,1473555023
mooncrott,1194904290,-7236018749179624526,Mooncrotüíß,bEarn Finance,1473555023
msbh10,334401956,-917121824171487359,msbh,bEarn Finance,1473555023
MongcoCong,1678615962,-2988254415147528654,M√¥ng c·ªï C·ªông,bEarn Finance,1473555023
Medos1,1156751143,3445952436459736692,Amedo,bEarn Finance,1473555023
CurryMeester,1224792566,-5273831379198504093,Curry Master,bEarn Finance,1473555023
mimicrypto,1118220039,-8320842675542787665,Mimi |,bEarn Finance,1473555023
Davinadrien,666166819,5565595797628841460,Davin Alfred,bEarn Finance,1473555023
Danial8765,1586860591,-4033278555936113751,Danial,bEarn Finance,1473555023
dingker888,1371905350,4717370436087190914,Á•û‰ªôÂßêÂßê,bEarn Finance,1473555023
Dannycrypto3749,1498079366,-626147051830321835,Danny Crypto,bEarn Finance,1473555023
DefiAirdropX,1276137800,1550930229510601475,Defi Airdrop,bEarn Finance,1473555023
Dailydealsindians,644215868,-6126942325265466352,Daily Deals,bEarn Finance,1473555023
Dcoin93,935520721,-2561185237725234873,Dcoin_001@,bEarn Finance,1473555023
APECaptainJacKx,1393855606,-1104779177842874701,CaptainJackCryptoAPE,bEarn Finance,1473555023
moon454,503729822,-1038149768126331494,crypto,bEarn Finance,1473555023
CryptOctopus88,1298746692,-5670757595269066423,CryptOctopus,bEarn Finance,1473555023
angelChanbig,1404211378,1891999056066686071,Angel Chan,bEarn Finance,1473555023
courag1,915099099,-3576361031193462536,Courage Camsi,bEarn Finance,1473555023
acdcdependent,1563513940,1373969989932292258,acdcdependent,bEarn Finance,1473555023
Abhistafd,669065923,8081930309466187421,Abhista,bEarn Finance,1473555023
sofia_c3,704074043,-4719636567296341301,Sofia,bEarn Finance,1473555023
miku2003,1271231657,6390546775143757733,miku mkkr,bEarn Finance,1473555023
MajoHansen,1331073450,1571426738108263122,Majo,bEarn Finance,1473555023
AirdropCompany1,1455672395,3867519688558128568,Airdrop Marketing,bEarn Finance,1473555023
minmmo,1433790569,4375063084986047746,Minmmo,bEarn Finance,1473555023
adilamin7,1414873121,5430806340092039869,Adil Amin,bEarn Finance,1473555023
